{"cameraMode":{"drawMode":0,"name":"Shaded","section":"Shading Mode"},"sceneLighting":true,"audioPlay":false,"sceneViewState":{"showFog":true,"showMaterialUpdate":false,"showSkybox":true,"showFlares":true,"showImageEffects":true,"showParticleSystems":true},"in2DMode":false,"pivot":{"x":-1.1794133186340333,"y":1.2441200017929078,"z":1.8370697498321534},"rotation":{"x":-0.19073386490345,"y":0.7593264579772949,"z":-0.25527024269104006,"w":-0.5673595666885376},"size":6.110164165496826,"orthographic":false}